title,address,phone,years_in_biz,email,website
Bay Bright Car Wash,"2990 Dowlen Rd, Beaumont, TX 77706",(409) 860-7244,33,lorenav@baybrightcarwash.com,
Main Street Car Wash,"1402 W Main St, Lewisville, TX 75067",(972) 434-1177,21,frontdesk@redwingchamber.com,http://mail.google.com/
America's Car Wash Inc,"7500 S Hulen St, Fort Worth, TX 76133",(817) 349-9991,,,
Main Street Car Wash Inc,"410 Main St, Brownwood, TX 76801",(325) 643-5001,22,cca@chicagocarwash.org,http://mail.google.com/
Expert Auto Detail,"6721 Alder Dr, Houston, TX 77081",(713) 664-7386,20,,
Aqua Car Wash,"4102 College Park Dr, Conroe, TX 77384",(936) 271-3440,17,aquacarwash4102@hotmail.com,http://www.aquacarwash.us/
Nate's Restoration Systems,"3220 W Pinecrest Dr, Marshall, TX 75670",(903) 935-2885,31,,http://www.natesrestoration.com/
Highway 35 Baywash Inc,"1214 Hwy 35 S, Port Lavaca, TX 77979",(361) 746-0774,16,,http://www.marketplacevictoria.com/
Hendon Ultimate Car Wash,"3740 Main Ave, Groves, TX 77619",(409) 962-9274,19,,
B J Car Wash,"4104 Old Jacksboro Hwy, Wichita Falls, TX 76302",(940) 766-3079,,,https://www.localcarwash.net/
SuperShine Car Wash,"600 N Carrier Pkwy, Grand Prairie, TX 75050",(972) 262-3070,,,http://www.supershinecarwashes.com/
Quick Quack Express Car Wash,"1001 E Amarillo Blvd, Amarillo, TX 79107",(806) 372-8844,,info@dontdrivedirty.com,http://www.dontdrivedirty.com/
Julio's PRO Clean Detail Shop,"902 S Mill St, Cleburne, TX 76033",(817) 645-7767,20,,
TNT Car Care,"201 S Mirick Ave, Denison, TX 75020",(903) 465-8711,26,,
D & V's Mobile Auto Wash,"305 W Meredith St, Marshall, TX 75670",(903) 927-2153,14,,
D I Y Carwash,"17401 Kuykendahl Rd, Spring, TX 77379",(281) 251-4515,,,
Laser Wash of Jourdanton,"1102 Oak St, Jourdanton, TX 78026",(830) 769-2362,17,,
Details Unlimited,"3745 Rufe Snow Dr, North Richland Hills, TX 76180",(817) 284-7933,23,,http://www.apolloautodetail.com/
Zip Car Wash,"200 W Veterans Memorial Blvd, Killeen, TX 76541",(254) 634-6300,46,info@thecarwashbarn.com,https://www.zipscarwash.com/
Knees Detail Inc,"1100 Wilson Rd, Conroe, TX 77301",(936) 760-1011,15,,
Simoniz Car Wash,"4017 Center St, Deer Park, TX 77536",(281) 930-9900,24,info@washdepot.com,http://www.cleancarfeeling.com/
Excel Car Wash,"311 S Timberland Dr, Lufkin, TX 75901",(936) 632-1966,27,info@bbbsetexas.org,http://excelcarwashlube.com/
Solo Car Wash,"1203 E Fm 495, San Juan, TX 78589",(956) 223-2636,,,
Johnny Ray's Detail,"2400 Oak St, Abilene, TX 79602",(325) 672-2570,,,
Splash Hand Car Wash 2,"2203 S Shepherd Dr, Houston, TX 77019",(713) 525-5151,11,,http://www.splashhandcarwash.net/
A Personal Touch Detailing,"1317 E Veterans Memorial Blvd, Killeen, TX 76541",(254) 526-2008,12,,
Car Wash USA,"8804 Ohio Dr, Plano, TX 75024",(972) 335-9274,17,,https://www.carwashusaplano.com/
EZ Clean Car Wash,"124 S Peking St, Mcallen, TX 78501",(956) 661-8510,16,,
Splash Hand Car Wash,"8730 Westheimer Rd, Houston, TX 77063",(713) 266-9274,,,http://www.splashhandcarwash.net/
Northside Laundry & Car Wash,"810 N Harborth Ave, Three Rivers, TX 78071",(361) 786-1818,16,,
Nova Wash,"3609 41st St, Lubbock, TX 79413",(806) 438-1383,,,http://www.mistercarwash.com/
Details By Kevin,"203 NE 16th St, Mineral Wells, TX 76067",(940) 325-7309,34,,
Liberty Detail Shop,"1314 Kipling St, Liberty, TX 77575",(936) 336-8611,24,info@bbbsetexas.org,
Affordable Mobile Carwash & Detail Co,"1815 Delgado St, San Antonio, TX 78207",(210) 643-6625,15,,
Houston Wash Center Carwash,"7900 Jensen Dr, Houston, TX 77093",(832) 767-2193,,,
The Finer Details,"5940 N Sam Houston Pkwy E Ste 307, Humble, TX 77396",(281) 233-8245,14,houston@thefinerdetailsofhouston.com,
Mr Clean's Complete Auto Detail,"16887 Lookout Rd, Selma, TX 78154",(210) 651-1590,25,,
Moore Car Wash,"209 S Main St, Seymour, TX 76380",(940) 889-4466,15,,
Turtle Hole Auto Bath,"1133 E South 11th St, Abilene, TX 79602",(325) 672-0307,11,,
Sparkling Carwash,"13180 Pond Springs Rd, Austin, TX 78729",(512) 336-5642,,,http://austincarwash.net/
Seven-Minute Car Wash,"433 S Beckham Ave, Tyler, TX 75702",(903) 592-9871,12,,
Laser Wash,"1380 N 45th St, Corsicana, TX 75110",(903) 641-0780,15,,
Ingram Carwash,"3425 Wurzbach Rd, San Antonio, TX 78238",(210) 647-1939,15,,
Lady Magic Detail Shop,"2928 S Lamar St, Dallas, TX 75215",(214) 421-9414,27,melonielynch2002@yahoo.com,
Pate's Collision,"112 Cobb Mill Rd, Woodville, TX 75979",(409) 283-6183,24,patescollision@yahoo.com,
Crystal Clean Car Wash,"8714 Marbach Rd, San Antonio, TX 78227",(210) 670-8014,14,info@crystalcleanindoorstorage.com,
Jetwash Express Carwash,"2121 N Belt Line Rd, Mesquite, TX 75150",(972) 285-9274,11,sales@gjerstad.com,http://jettexpresscarwash.com/
Big Lou's Carwash,"Dallas, TX 75254",(972) 385-3210,19,cindycollins@gvtc.com,
Manchaca Car Wash,"9503 Manchaca Rd, Austin, TX 78748",(512) 233-4804,16,,http://www.mrsharkyscarwash.com/
Auto Wash Enterprises,"2195 K Ave, Plano, TX 75074",(972) 423-7575,,,
Pepe's Car Wash,"10644 Gateway Blvd N, El Paso, TX 79924",(915) 821-0123,15,,http://www.pepesmexicanfood.com/
Allen's Clean Up Shop,"1017 Yucca Ave, Odessa, TX 79765",(432) 367-5333,26,,
Pro Shine,"524 Vz County Road 1820, Grand Saline, TX 75140",(903) 962-6756,12,,
Oasis Superwash,"2316 W Pecan St, Pflugerville, TX 78660",(512) 989-7337,18,,
Ft Bliss Car Wash,"197 Doniphan Rd, El Paso, TX 79906",(915) 562-4669,,,https://bliss.armymwr.com/
Thumbs Up Detail,"Irving, TX 75014",(214) 632-0845,,,
Big State Water Works,"3122 Garth Rd, Baytown, TX 77521",(281) 422-5167,,,
Big A's Mobile Auto Detailing & Services,"Arlington, TX 76001",(817) 946-3691,,,
L A Detailing,"102 S William St, Victoria, TX 77901",(361) 575-7508,57,,
Montana Detail & Car Wash,"4418 Montana Ave, El Paso, TX 79903",(915) 775-1098,22,,
Willie's Auto Detail,"1111 E Belknap St, Fort Worth, TX 76102",(817) 335-7939,27,,
Rick's Detail Shop,"606 N Center St, Bonham, TX 75418",(903) 583-9768,34,,
,,,,,
Affordable Mobile Carwash & Detail Co,"1815 Delgado St, San Antonio, TX 78207",(210) 643-6625,15,,
Houston Wash Center Carwash,"7900 Jensen Dr, Houston, TX 77093",(832) 767-2193,,,
The Finer Details,"5940 N Sam Houston Pkwy E Ste 307, Humble, TX 77396",(281) 233-8245,14,houston@thefinerdetailsofhouston.com,
Mr Clean's Complete Auto Detail,"16887 Lookout Rd, Selma, TX 78154",(210) 651-1590,25,,
Moore Car Wash,"209 S Main St, Seymour, TX 76380",(940) 889-4466,15,,
Turtle Hole Auto Bath,"1133 E South 11th St, Abilene, TX 79602",(325) 672-0307,11,,
Sparkling Carwash,"13180 Pond Springs Rd, Austin, TX 78729",(512) 336-5642,,,http://austincarwash.net/
Seven-Minute Car Wash,"433 S Beckham Ave, Tyler, TX 75702",(903) 592-9871,12,,
Laser Wash,"1380 N 45th St, Corsicana, TX 75110",(903) 641-0780,15,,
Ingram Carwash,"3425 Wurzbach Rd, San Antonio, TX 78238",(210) 647-1939,15,,
Lady Magic Detail Shop,"2928 S Lamar St, Dallas, TX 75215",(214) 421-9414,27,melonielynch2002@yahoo.com,
Pate's Collision,"112 Cobb Mill Rd, Woodville, TX 75979",(409) 283-6183,24,patescollision@yahoo.com,
Crystal Clean Car Wash,"8714 Marbach Rd, San Antonio, TX 78227",(210) 670-8014,14,info@crystalcleanindoorstorage.com,
Jetwash Express Carwash,"2121 N Belt Line Rd, Mesquite, TX 75150",(972) 285-9274,11,sales@gjerstad.com,http://jettexpresscarwash.com/
Big Lou's Carwash,"Dallas, TX 75254",(972) 385-3210,19,cindycollins@gvtc.com,
Manchaca Car Wash,"9503 Manchaca Rd, Austin, TX 78748",(512) 233-4804,16,,http://www.mrsharkyscarwash.com/
Auto Wash Enterprises,"2195 K Ave, Plano, TX 75074",(972) 423-7575,,,
Pepe's Car Wash,"10644 Gateway Blvd N, El Paso, TX 79924",(915) 821-0123,15,,http://www.pepesmexicanfood.com/
Allen's Clean Up Shop,"1017 Yucca Ave, Odessa, TX 79765",(432) 367-5333,26,,
Pro Shine,"524 Vz County Road 1820, Grand Saline, TX 75140",(903) 962-6756,12,,
Oasis Superwash,"2316 W Pecan St, Pflugerville, TX 78660",(512) 989-7337,18,,
,,,,,
A Personal Touch Detailing,"1317 E Veterans Memorial Blvd, Killeen, TX 76541",(254) 526-2008,12,,
Car Wash USA,"8804 Ohio Dr, Plano, TX 75024",(972) 335-9274,17,,https://www.carwashusaplano.com/
,,,,,
,,,,,
,,,,,
Quick N Easy Full Service Car Wash,"6313 S Broadway Ave, Tyler, TX 75703",(903) 581-5669,18,mrkmcadams@yahoo.com,
Las Brisas Hand Wash,"820 W Harrison Ave, Harlingen, TX 78550",(956) 364-3499,,,http://brisas.com/
Posh Car Wash,"751 W Round Grove Rd, Lewisville, TX 75067",(972) 459-2400,,,
Mister Car Wash & Express Lube,"6365 Montana Ave, El Paso, TX 79925",(915) 772-2613,,socialmedia@mistercarwash.com,http://www.mistercarwash.com/
Squeaky Clean Car Wash,"10923 Voth Rd, Beaumont, TX 77713",(409) 860-3800,13,,http://squeakycleanwash.com/
Turtle Hole Partners,"1814 Sand Rd, Vernon, TX 76384",(940) 553-4191,15,,
Hand Car Wash & Auto Detailing,"4840 Brandeis St, San Antonio, TX 78249",(210) 908-2491,,info@thehandcarwash.com,http://www.thehandcarwash.com/?redirect=false
Rick's Detailing,"5146 Ayers St, Corpus Christi, TX 78415",(361) 855-4490,37,,http://www.ricksdetailing.com/
Sherman Collision Repair,"1317 S Sam Rayburn Fwy, Sherman, TX 75090",(903) 893-4971,12,,http://www.shermancollisionrepair.com/
Vintage Car Wash & Lube,"6815 Preston Rd, Dallas, TX 75205",(214) 526-0540,19,jpipes@gapcapital.com,http://www.vintagecarwash.com/
Superior Car Wash,"13313 Southwest Fwy, Sugar Land, TX 77478",(281) 240-0872,11,superiormedspa@gmail.com,
Mister Car Wash,"380 Uvalde Rd, Houston, TX 77015",(713) 455-6651,23,fundraising@mistercarwash.com,http://www.mistercarwash.com/
Genesis Car Wash & Detail,"2567b Gessner Rd, Houston, TX 77080",(713) 461-0824,,,
Patriot Car Wash,"21195 Interstate 35, Kyle, TX 78640",(512) 262-3301,14,,
Car Care Plus,"14518 Hempstead Rd Ste 3n, Houston, TX 77040",(713) 690-7860,29,,
Scooters Place Car Wash,"5220 Atascocita Rd, Humble, TX 77346",(832) 644-8980,,,
Bubbles Express-Bx7,"15232 Wallisville Rd, Houston, TX 77049",(713) 455-4456,10,webmasteradmin@jamesecarter157.org,http://bubblesexpress.com/
Socha's Car Wash,,(361) 782-5820,12,,
Simoniz Car Wash,"17230 Preston Rd, Dallas, TX 75252",(972) 407-0085,27,coupons@washdepot.com,http://cleancarfeeling.com/
Jay's Mobile Detail,"Austin 78701, Austin, TX 78701",(512) 971-9274,,,
Johnny Edwards,"505 David St, Clarksville, TX 75426",(903) 427-4108,12,,
M & V Detail Shop,"119 S Shelby St, Carthage, TX 75633",(903) 693-6322,15,,
Ride & Shine Detail Shop,"701 E Main St, Henderson, TX 75652",(903) 655-2781,11,,
Wave Wash,"12050 E Northwest Hwy, Dallas, TX 75218",(214) 367-8000,13,greenville@wavewash.com,http://www.wavewash.com/
Touch of Class Auto Detail,"721 W 2nd St, Odessa, TX 79763",(432) 335-0030,71,,http://touchofglass.com/
Dealers Detail,"407 Northcutt Ave, Longview, TX 75601",(903) 234-8140,13,,http://garciadealersauto.wix.com/longviewcarwash
Ultra Detailing,"1220 Lumpkin Rd, Houston, TX 77043",(713) 984-9767,21,roadrashmedia@att.net,http://www.ultradetailing.com/
Boss Kustoms,"1100 E Delano Ave, Littlefield, TX 79339",(806) 385-6630,23,,
Vizza Wash,"2208 NW Loop 410, San Antonio, TX 78230",(210) 493-8822,13,,http://washtub.com/
Genie Car Wash,"1311 S Lamar Blvd, Austin, TX 78704",(512) 444-9274,51,,http://www.geniecw.com/
Sparkle Carwash & Washateria,"10565 Hammerly Blvd, Houston, TX 77043",(713) 461-5072,12,,http://sparklecarwash.net/
Triple T Detail Shop,"17014 Fm 2493, Flint, TX 75762",(903) 894-5500,13,,
,,,,,
Tiger Carwash,"519 Lake Rd, Belton, TX 76513",(254) 939-8869,12,,http://www.carwash.com/
Gee-Ride Detailing Enterprise,"10030 Tanner Rd, Houston, TX 77041",(713) 329-9373,15,,
Clyde Super Clean Carwash,"303 S 1st St, Clyde, TX 79510",(325) 893-1658,2,,
Fast Track Express Car Wash,"6402 San Pedro Ave, San Antonio, TX 78216",(210) 340-4464,25,,
Mister Car Wash,"8500 Research Blvd Ste 100, Austin, TX 78758",(512) 467-6633,23,media@mistercarwash.com,http://www.mistercarwash.com/location/research
,,,,,
Keri's Details,"130 Harms Dr, Springtown, TX 76082",(817) 677-4000,12,,
Court Automotive Paint & Body,"1818 Finfeather Rd, Bryan, TX 77801",(979) 822-9771,9,,http://www.courtautomotive.com/
The Car Wash,"220 W Business 190, Copperas Cove, TX 76522",(254) 542-1520,14,,
Conley Enterprises,"6150 Jack C Hays Trl, Kyle, TX 78640",(512) 268-6608,19,,
Car Butler 112,"2800 Post Oak Blvd, Houston, TX 77056",(713) 621-9274,12,,http://carbutler.com/
Texas Carwash,"615 W 2nd St, Rio Grande City, TX 78582",(956) 487-2951,18,,
McKinney Finish Line Carwash,"2791 Virginia Pkwy, Mckinney, TX 75071",(469) 952-3232,14,,http://www.mckinneyfinishline.com/
Magic Touch Express Carwash,"909 W Southwest Loop 323, Tyler, TX 75701",(903) 581-5700,6,,
Mister Car Wash,"2530 Highway 6, Sugar Land, TX 77478",(281) 265-0080,4,media@mistercarwash.com,http://www.mistercarwash.com/
Detailing Technologies,"2203 Timberloch Pl, Spring, TX 77380",(281) 296-5701,16,findit@hcnonline.com,
Dollar Carwash,"803 NE Big Bend Trl, Glen Rose, TX 76043",(254) 898-9039,12,glenrosegym@gmail.com,
Shine Express Carwash IV,"Fort Worth 76132, Fort Worth, TX 76132",(817) 294-9757,,,
Snider Car Wash,"226 Fitz Rd, Alvin, TX 77511",(281) 585-4556,16,findit@hcnonline.com,
Concho Collision,"1909 W Beauregard Ave, San Angelo, TX 76901",(325) 947-9473,17,conchocollision@zipnet.us,http://www.conchocollision.com/
Vintage Car Wash,"9811 Dyer St, El Paso, TX 79924",(915) 757-1485,,,http://www.mistercarwash.com/
Giddings Laser Wash,"1449 E Austin St, Giddings, TX 78942",(979) 542-6623,19,,
Jones Self Service Carwash,"525 W Irving Blvd, Irving, TX 75060",(214) 596-9195,12,,
Special Touch Detail Shop,,(254) 697-4955,,,
Crm Lp,"9601 S Georgia St, Amarillo, TX 79118",(806) 353-2570,9,,
Lancaster New Creations Hand Car Wash,"2563 N Dallas Ave, Lancaster, TX 75134",(972) 227-9221,22,Newcreationslancaster@gmail.com,
Aquatech Carwash,"16951 Ella Blvd, Houston, TX 77090",(281) 440-8704,13,,
Bluewave Express Carwash,"9801 Jones Rd, Houston, TX 77065",(281) 955-0072,4,corporate@bluewex.com,http://www.bluewaveexpress.com/
Waterfalls Car Wash,"811 S Greenville Ave, Allen, TX 75002",(214) 383-0980,19,wflube@yahoo.com,http://waterfalls.com/
All-Time Shine,"Rowlett, TX 75030",(214) 498-0470,,,
Bucky's Car Wash,"1310 W Main St, Gun Barrel City, TX 75156",(903) 887-0488,11,BuckysGunBarrel@gmail.com,http://www.buckyscarwash.com/
Car Clean Up Systems Inc,"6110 Dashwood Dr, Houston, TX 77081",(713) 777-6532,,,
Solo Car Wash,"416 S Cage Blvd, Pharr, TX 78577",(956) 223-2626,,,
,,,,,
Mister Car Wash,"8500 Research Blvd Ste 100, Austin, TX 78758",(512) 467-6633,23,media@mistercarwash.com,http://www.mistercarwash.com/location/research
Rolling Creek Car Wash,"16914 Rolling Creek Dr, Houston, TX 77090",(281) 580-9274,12,rollingcreekcarwash@yahoo.com,http://www.rollingcreekcarwash.com/
Keri's Details,"130 Harms Dr, Springtown, TX 76082",(817) 677-4000,12,,
Court Automotive Paint & Body,"1818 Finfeather Rd, Bryan, TX 77801",(979) 822-9771,9,,http://www.courtautomotive.com/
The Car Wash,"220 W Business 190, Copperas Cove, TX 76522",(254) 542-1520,14,,
Conley Enterprises,"6150 Jack C Hays Trl, Kyle, TX 78640",(512) 268-6608,19,,
Car Butler 112,"2800 Post Oak Blvd, Houston, TX 77056",(713) 621-9274,12,,http://carbutler.com/
Texas Carwash,"615 W 2nd St, Rio Grande City, TX 78582",(956) 487-2951,18,,
McKinney Finish Line Carwash,"2791 Virginia Pkwy, Mckinney, TX 75071",(469) 952-3232,14,,http://www.mckinneyfinishline.com/
Magic Touch Express Carwash,"909 W Southwest Loop 323, Tyler, TX 75701",(903) 581-5700,6,,
Mister Car Wash,"2530 Highway 6, Sugar Land, TX 77478",(281) 265-0080,4,media@mistercarwash.com,http://www.mistercarwash.com/
Detailing Technologies,"2203 Timberloch Pl, Spring, TX 77380",(281) 296-5701,16,findit@hcnonline.com,
Dollar Carwash,"803 NE Big Bend Trl, Glen Rose, TX 76043",(254) 898-9039,12,glenrosegym@gmail.com,
Shine Express Carwash IV,"Fort Worth 76132, Fort Worth, TX 76132",(817) 294-9757,,,
Snider Car Wash,"226 Fitz Rd, Alvin, TX 77511",(281) 585-4556,16,findit@hcnonline.com,
Concho Collision,"1909 W Beauregard Ave, San Angelo, TX 76901",(325) 947-9473,17,conchocollision@zipnet.us,http://www.conchocollision.com/
Vintage Car Wash,"9811 Dyer St, El Paso, TX 79924",(915) 757-1485,,,http://www.mistercarwash.com/
Giddings Laser Wash,"1449 E Austin St, Giddings, TX 78942",(979) 542-6623,19,,
Jones Self Service Carwash,"525 W Irving Blvd, Irving, TX 75060",(214) 596-9195,12,,
Special Touch Detail Shop,,(254) 697-4955,,,
Crm Lp,"9601 S Georgia St, Amarillo, TX 79118",(806) 353-2570,9,,
,,,,,
Genie Car Wash,"1311 S Lamar Blvd, Austin, TX 78704",(512) 444-9274,51,,http://www.geniecw.com/
Lone Star Express Wash,"16832 State Highway 36 S, Somerville, TX 77879",(979) 596-2002,12,,
Five Starz Magic Detail,"301 S High St, Longview, TX 75601",(903) 758-2400,13,fivestarzmagicdetail@gmail.com,
Wax Works Auto Detail,"12127 Murphy Rd, Stafford, TX 77477",(281) 495-8946,38,,http://www.autodetailinghouston.com/
Wash Merrick's Touch Free,"303 NW 3rd St, Andrews, TX 79714",(432) 523-6659,12,,
Lipinski Interiors,"Fort Worth 76101, Fort Worth, TX 76101",(817) 291-2879,41,,http://www.lipinskiinteriors.com/
Star Car Wash,"2111 N Hampton Rd, Desoto, TX 75115",(972) 298-5772,8,mglaser@starcarwash.com,http://www.starcarwash.com/
Superior Tomball Car Wash,"27840 State Highway 249, Tomball, TX 77375",(281) 516-3434,8,tomballsuperiorcarwash@gmail.com,
David's Carwash,"8201 9th Ave, Port Arthur, TX 77642",(409) 727-4484,15,hien_tong23@hotmail.com,
Waterworks Car Wash,"7912 Fredericksburg Rd, San Antonio, TX 78229",(210) 615-2360,,,http://waterworks-carwash.com/
Los Potrillos Carwash,"1000 E Us Highway 83, Pharr, TX 78577",(956) 681-6661,12,lospotrilloscarwash@yahoo.com,
Eagans' Detailing,"6101 N Fm 39, Jewett, TX 75846",(903) 626-4909,23,,
Inwood Best Car Wash,"1449 Inwood Rd, Dallas, TX 75247",(214) 879-0292,16,,
D & H Car Wash,"Arlington, TX 76010",(817) 277-8100,,,
Midway Car Wash & Detail,"18933 State Highway 155 S, Flint, TX 75762",(903) 825-2737,12,,
Super Suds Car Wash,"918 Us Highway 79 N, Henderson, TX 75652",(903) 657-2426,12,,
Soapy Springs Carwash,"612 W 11th St, Friona, TX 79035",(806) 250-2288,15,,
My Car Wash,"2520 E Plano Pkwy, Plano, TX 75074",(972) 881-9111,12,,http://mycarwash.biz/
Twin City Car Wash Systems,"3415 N State Line Ave, Texarkana, TX 75503",(903) 793-7165,14,,
Totally Mobile Detail Inc,"4134 Briarcrest St, San Antonio, TX 78247",(210) 490-5409,27,,
Saginaw Express Carwash,"100 E Mcleroy Blvd, Saginaw, TX 76179",(817) 847-4743,13,,http://www.jettexpresscarwash.com/
Azle Car Wash,"200 Speer St, Azle, TX 76020",(817) 444-4555,,,
Villa Detail & Mobile Car Wash,"5707 Avenue Q South Dr, Lubbock, TX 79412",(806) 744-9104,13,,http://villadetail.com/
Sweet Spot Car Wash,"7913 Harwood Rd, North Richland Hills, TX 76180",(682) 503-9813,15,,
Silverline Car Wash,"3101 Cullen Blvd, Pearland, TX 77584",(281) 412-7804,,,
Galaxia Car Wash,"1393 Calle Galaxia, Brownsville, TX 78520",(956) 982-1409,,,
Mr Magic,"12109 County Road 1800, Lubbock, TX 79424",(806) 789-0017,26,,
Brandon's Auto Detailing,"5705 Norris St, Fort Worth, TX 76119",(817) 683-6839,,,
M & M Detailing,"405 Pace Dr, Denton, TX 76209",(940) 387-4223,,,
Auto Salon,"1819 san pedro ave, San Antonio, TX 78212",(210) 235-8857,114,,
Jackson Enterprises,"629 S Ww White Rd, San Antonio, TX 78220",(210) 333-1553,,,
Dailey Mark & Lorraine M,"San Antonio, TX 78201",(830) 438-4004,,,
Car Wash,"402 S Palestine St, Athens, TX 75751",(903) 670-1764,,,
Jonny's Mobile Wash,"5809 E County Road 60, Midland, TX 79705",(432) 631-8721,12,,
K & D Car Wash,"Lufkin, TX 75901",(936) 634-1119,,,
Professional Car Wash,"5304 Spencer Hwy, Pasadena, TX 77505",(281) 991-1355,,,
Regency Car Wash,"8810 Main St, Houston, TX 77025",(713) 664-6990,25,,http://mistercarwash.com/location/south-main
Diamond Car Wash,"100 Massey Tompkins Rd, Baytown, TX 77521",(409) 420-5043,,,
Mister Car Wash,"10760 Westheimer Rd, Houston, TX 77042",(713) 781-1408,35,socialmedia@mistercarwash.com,http://www.mistercarwash.com/
First Class Auto Care,"700 N Pearl St, Dallas, TX 75201",(214) 969-9403,22,privacy@lendlease.com,http://www.bovislendlease.com/
Spotless Auto Detailing,"11216 Javalin Trl, Helotes, TX 78023",(210) 240-2194,13,,http://spotlessautousa.com/DEFAULT.ASPX
Extreme Car Wash & Detailing,"402 S Richey St, South Houston, TX 77587",(713) 943-1185,,,
Chariot Carwash,"2005 Bingle Rd, Houston, TX 77055",(713) 468-2112,11,media@mistercarwash.com,http://www.chariotcarwash.com/
Parkway Car Wash,"5809 34th St, Lubbock, TX 79407",(806) 784-0877,,,
Auto Wash Enterprise,"3111 Old Denton Rd, Carrollton, TX 75007",(972) 578-8899,28,sdodson@washgroup.net,
Mi-T Fine Car Wash Inc,"4136 Broadway Blvd, Garland, TX 75043",(972) 240-6667,32,,http://mitfinecarwash.com/
Mint Condition Car Wash,"5040 S State Highway 360, Grand Prairie, TX 75052",(972) 606-6001,12,,http://mintconditioncarwashtx.com/
D Town Tires & Carwash,"1504 S Westmoreland Rd, Dallas, TX 75211",(214) 337-7472,,Angprdgz19@gmail.com,
Glen Rose Tiger Wash,"401 S Gaither St, Glen Rose, TX 76043",(254) 898-0672,14,,
Hurricane Powerwash,"8208 Northeast Pkwy, North Richland Hills, TX 76182",(817) 788-4644,,,
Badger Car Wash,"109 E Avenue B, Lampasas, TX 76550",(512) 556-8838,12,,
Tommy Terrific's Car Wash,"3541 Forest Ln, Dallas, TX 75234",(972) 243-4323,11,Lanese@Trademarkwash.com,http://www.tommyterrificscarwash.com/
Prestige Auto Clean,"500 W Nasa Rd 1, Webster, TX 77598",(281) 338-1616,,,
Associated Mobile Wash,"Irving, Irving, TX 75039",(972) 790-6922,,,
Bouchie Joshua & Rookmin,"2601 County Road 229, Florence, TX 76527",(254) 793-2008,12,,
Snappy Wash,"4950 W Illinois Ave, Dallas, TX 75211",(214) 330-9274,8,,
Mister Car Wash,"5721 Burnet Rd, Austin, TX 78756",(512) 451-4970,23,media@mistercarwash.com,http://mistercarwash.com/
Krahn Car Wash,"115 W Glenview Dr, San Antonio, TX 78228",(210) 738-2712,,,
Quick Slick Lube & Detail,"333 Elm St, Graham, TX 76450",(940) 549-9476,17,,http://quicklane.com/
Splash N Dash,"415 State Highway 35 S, Port Lavaca, TX 77979",(361) 553-6927,,,
First Class Detail,"17800 Dickerson St, Dallas, TX 75252",(972) 803-6955,,,
Frontline Mobile Wash,"327 N Walnut Way, Boerne, TX 78006",(830) 537-9202,17,rayearlshannon@yahoo.com,
Stanton Car Wash,"800 Saint Peter, Stanton, TX 79782",(432) 607-2244,14,,
Splash & Dash Auto Detail,"4931 Fm 350 S, Livingston, TX 77351",(936) 967-4905,15,,
Concho Car Wash,"706 W Avenue N, San Angelo, TX 76903",(325) 653-5435,37,,http://www.conchocollision.com/
Big Lue's Auto Detailing,"11817 Judd Ct, Dallas, TX 75243",(214) 575-5733,24,,
Advance Auto Detail,,(210) 274-9997,21,Toddsdetail@yahoo.com,
,,,,,
Mister Car Wash,"10760 Westheimer Rd, Houston, TX 77042",(713) 781-1408,35,socialmedia@mistercarwash.com,http://www.mistercarwash.com/
First Class Auto Care,"700 N Pearl St, Dallas, TX 75201",(214) 969-9403,22,privacy@lendlease.com,http://www.bovislendlease.com/
Spotless Auto Detailing,"11216 Javalin Trl, Helotes, TX 78023",(210) 240-2194,13,,http://spotlessautousa.com/DEFAULT.ASPX
Extreme Car Wash & Detailing,"402 S Richey St, South Houston, TX 77587",(713) 943-1185,,,
Chariot Carwash,"2005 Bingle Rd, Houston, TX 77055",(713) 468-2112,11,media@mistercarwash.com,http://www.chariotcarwash.com/
Parkway Car Wash,"5809 34th St, Lubbock, TX 79407",(806) 784-0877,,,
Auto Wash Enterprise,"3111 Old Denton Rd, Carrollton, TX 75007",(972) 578-8899,28,sdodson@washgroup.net,
Mi-T Fine Car Wash Inc,"4136 Broadway Blvd, Garland, TX 75043",(972) 240-6667,32,,http://mitfinecarwash.com/
Mint Condition Car Wash,"5040 S State Highway 360, Grand Prairie, TX 75052",(972) 606-6001,12,,http://mintconditioncarwashtx.com/
D Town Tires & Carwash,"1504 S Westmoreland Rd, Dallas, TX 75211",(214) 337-7472,,Angprdgz19@gmail.com,
Glen Rose Tiger Wash,"401 S Gaither St, Glen Rose, TX 76043",(254) 898-0672,14,,
Hurricane Powerwash,"8208 Northeast Pkwy, North Richland Hills, TX 76182",(817) 788-4644,,,
Badger Car Wash,"109 E Avenue B, Lampasas, TX 76550",(512) 556-8838,12,,
Tommy Terrific's Car Wash,"3541 Forest Ln, Dallas, TX 75234",(972) 243-4323,11,Lanese@Trademarkwash.com,http://www.tommyterrificscarwash.com/
Prestige Auto Clean,"500 W Nasa Rd 1, Webster, TX 77598",(281) 338-1616,,,
Associated Mobile Wash,"Irving, Irving, TX 75039",(972) 790-6922,,,
Bouchie Joshua & Rookmin,"2601 County Road 229, Florence, TX 76527",(254) 793-2008,12,,
Snappy Wash,"4950 W Illinois Ave, Dallas, TX 75211",(214) 330-9274,8,,
Mister Car Wash,"5721 Burnet Rd, Austin, TX 78756",(512) 451-4970,23,media@mistercarwash.com,http://mistercarwash.com/
Krahn Car Wash,"115 W Glenview Dr, San Antonio, TX 78228",(210) 738-2712,,,
Quick Slick Lube & Detail,"333 Elm St, Graham, TX 76450",(940) 549-9476,17,,http://quicklane.com/
Splash N Dash,"415 State Highway 35 S, Port Lavaca, TX 77979",(361) 553-6927,,,
First Class Detail,"17800 Dickerson St, Dallas, TX 75252",(972) 803-6955,,,
The Detail Shop,"600 S Main St, Andrews, TX 79714",(432) 355-6733,,,
Bubbles Car Wash,"1144 S Mason Rd, Katy, TX 77450",(281) 395-9274,,,
Right Touch Auto Detail,"4423 Yale St, Houston, TX 77018",(713) 699-5532,25,,
Kings Hand Car Wash,"1329 Broadway St, Pearland, TX 77581",(281) 993-8286,10,,
Elite Car Wash & Auto Care,"1515 Bay Area Blvd, Houston, TX 77058",(281) 280-9400,8,,http://www.elitelubecenters.com/
Houston Auto Spa,"8706 Highway 6 S, Houston, TX 77083",(281) 988-5556,,,
5 Point Autos,"1818 W Anderson Ln, Austin, TX 78757",(512) 904-9310,10,,
C & C Auto Body & Detail,"6213 Colton Rd, Austin, TX 78744",(512) 215-2886,71,,
Sds Enterprises,"905 Live Oak St, Houston, TX 77003",(713) 227-1340,31,,http://stingerchemicals.com/
Ray Enterprises,"1700 University Blvd, Round Rock, TX 78665",(512) 904-9408,10,,
Reno Buggy Bath,"6580 Lamar Rd, Reno, TX 75462",(903) 739-9915,,,
Mobile Car Wash & Carpet Cleaning,,(915) 356-4691,,,
N C W,"104 S Nolan River Rd, Cleburne, TX 76033",(817) 641-7902,,,
Paradise Car Wash,"10060 West Rd, Houston, TX 77064",(832) 237-6324,,,http://www.paradisecarwash.com/
Star Car Wash,"401 E Round Grove Rd, Lewisville, TX 75067",(972) 459-2556,23,,
Landers Auto Wash,"7695 Calder Ave, Beaumont, TX 77706",(409) 861-0031,33,,
Precision Detail,"609 380 Byp, Graham, TX 76450",(940) 521-9900,10,PrecisonDetailTX@gmail.com,
Mr Goodbody Inc,"1143 S Cedar Ridge Dr, Duncanville, TX 75137",(972) 299-6820,18,timbers@frontiernet.net,http://www.mrgoodbody.com/
South Beach Auto Spa,"126 W Gray St, Houston, TX 77019",(713) 529-3444,,,http://www.southbeachautospa.com/
Rockin P Car Spa,"9201 Wesley St, Greenville, TX 75402",(903) 454-6925,19,,
Tex Star Detail,,(512) 930-0253,14,texstardetail@yahoo.com,http://www.texstardetail.com/
Aqua Hand Car Wash,"4426 Fm 2351 Rd, Friendswood, TX 77546",(281) 996-0800,8,,http://www.aquahandcarwash.com/
Quick Quack Car Wash,"11921 Spring Cypress Rd, Tomball, TX 77377",(281) 305-4005,15,info@dontdrivedirty.com,http://www.dontdrivedirty.com/
Kustom Kar Wash,"6911 McPherson Rd, Laredo, TX 78041",(956) 722-0900,43,info@kustomkarwash.net,http://www.kustomkarwashdetail.com/
Simoniz Car Wash,"1171 W Parker Rd, Plano, TX 75023",(469) 241-9852,,coupons@washdepot.com,http://www.simonizcarwash.com/
Villarreal's Detailing,"1493 S Business Ih 35, New Braunfels, TX 78130",(830) 629-6900,,,
Bossy Cow Car Wash,"1615 N Texana St, Hallettsville, TX 77964",(361) 798-1593,,,
Pro Magic For You,"3939 Teasley Ln, Denton, TX 76210",(940) 783-3244,,,
B & K Car Wash,"2010 Altamesa Blvd, Fort Worth, TX 76134",(817) 293-2024,9,,http://www.carwash.com/
Detail Mobile LLC,"Austin, TX 78724",(512) 807-6809,13,,http://detailmobile.com/
Detailed Autos,"PO Box 9496, College Station, TX 77842",(979) 255-9396,12,contact@detailedautos.com,
The Wash Premium Hand Car Wash,"1660 E Main St, League City, TX 77573",(832) 632-2831,,jbreckenridge@octaform.com,
Auto Pride Detail,"4541 N Mesa St, El Paso, TX 79912",(915) 474-1477,,autopridedetail@gmail.com,http://www.autopridedetail.com/
The Wash Tub,"1534 N Loop 1604 E, San Antonio, TX 78232",(210) 545-9274,19,ap@washtub.net,http://washtub.com/
J & L Car Wash,"707 Gross Rd, Mesquite, TX 75149",(972) 288-1003,47,,
El Charco De Las Ranas Car Wsh,"110 N Main St, Del Rio, TX 78840",(830) 774-1061,11,,
Linda's Detail Shop,"1222 E Scott Ave, Wichita Falls, TX 76301",(940) 322-7626,21,,
CAR WASH PATROL,,(469) 374-4364,10,rougerio37@yahoo.com,http://www.carwashpatrol.com/
Kevin's Auto Detail Shop,"1906 N Kaufman St, Ennis, TX 75119",(972) 878-8889,18,,
Garner Consignment Auto Sales and Detail Shop,"7694 Fm 2754, Brenham, TX 77833",(979) 203-5658,,chris@garnerconsignment.com,
104 Pleasant Valley St,"2400 E Cesar Chavez St, Austin, TX 78702",(512) 448-4407,,,
Majestic Car Wash,"115 W Belt Line Rd, Cedar Hill, TX 75104",(469) 272-3670,17,,http://majesticcarcare.com/
VIP Car Wash & Auto Repair,"118 Lang Rd, Portland, TX 78374",(361) 643-1802,71,Petesvipjag@gmail.com,http://www.carwash.com/
Floresville Laser Carwash,"532 10th St, Floresville, TX 78114",(210) 415-4767,13,,
Mister Car Wash,"640 W Crosstimbers St, Houston, TX 77018",(713) 691-4636,23,donations@mistercarwash.com,http://www.mistercarwash.com/
Splash Car Wash,"1215 E 5th St, Tyler, TX 75701",(903) 533-8873,9,,
Blue Wave Express Car Wash,"5907 Fm 2920 Rd, Spring, TX 77388",(281) 288-1731,12,customerservice@bluewex.com,http://www.bluewaveexpress.com/
Simoniz Car Wash,"4420 Panther Creek Pne, Spring, TX 77381",(281) 362-7000,24,Lisa.Sacco@washdepot.com,http://www.cleancarfeeling.com/
Roadrunner Carwash 2,"2009 Fm 1431, Marble Falls, TX 78654",(830) 798-9921,12,,https://plus.google.com/108658250604457574698/about
Paul Gene's Mobile Wash,"3545 N Main St, Cleburne, TX 76033",(817) 558-7868,27,p.warrick@sbcglobal.net,
Lopez Car Wash,"524 S Showers Rd, Palmview, TX 78572",(956) 583-9509,,,
Kool Wash Full Service Car Wash,"6880 Louetta Rd, Spring, TX 77379",(281) 320-1091,24,tom@freshmarylandseafood.com,http://www.colonialcarwashtx.com/#8GA786
Lakewood Auto Detail,"6365 Belmont Ave, Dallas, TX 75214",(214) 828-9668,,webmaster@lakewoodautodetail.com,http://www.lakewoodautodetail.com/
Jdc Power Wash,"103 Pilar Dr, San Antonio, TX 78227",(210) 673-6866,,,
Regency Car Bath,"3112 Regency Ln, Denison, TX 75020",(903) 465-9401,21,,
Tiger Detail Supply,"3102 Cottonwood St, Texarkana, TX 75501",(903) 793-7976,23,,
Dad's Custom Auto Detailing,"3754 State Highway 132 N, Lytle, TX 78052",(830) 709-0119,11,,
Underwood Wash,"701 5th St, Honey Grove, TX 75446",(903) 378-2325,18,,
Magic Lube,,(409) 898-4393,12,info@bbbsetexas.org,http://magiccarwash.com/
Auto Touch,"117 Springtree Holw, Cibolo, TX 78108",(210) 322-0196,20,getautotouch@yahoo.com,http://autotouchmobile.com/
A A Car Wash,"819 Bama Ln, Tyler, TX 75701",(903) 592-7178,40,,
Roy's GJD Detail Wash Maintensnce,"1551 Crescent Dr, Tyler, TX 75702",(903) 283-3254,3,,
Alex's Detail,"Fort Worth, TX 76137",(817) 306-7323,,,
Sharon Wash,"708 N Merrill Ave Apt 109, Duncanville, TX 75116",(972) 283-9096,,,http://www.sharonwash.com/
Auto Beauty Shop,"1609 Monroe St, Wichita Falls, TX 76309",(940) 766-2262,43,bbbnt@bbbnorcentx.org,http://www.theautobeautyshop.com/
Diamond Detail,"4217 Endicott Dr, Grand Prairie, TX 75052",(469) 576-3267,,,http://www.diamond-detail.com/
Mister Ts Mobile Car Wash,"5331 Summit Lodge Dr, Katy, TX 77449",(281) 463-4787,15,,
Vaughns Carwash Repair,"3242 Alabama Ave, Dallas, TX 75216",(214) 375-9436,29,,
Downtown Carwash,"122 N Main Ave, San Antonio, TX 78205",(210) 270-8480,,,
Finishing Touches Auto Detailing,"2605 N Main St, Vidor, TX 77662",(409) 783-0407,12,paul@finishingtouchesautodetailing.com,http://www.finishingtouchesautodetailing.com/
Montezuma Detail Service,"5003 Oates Rd, Houston, TX 77013",(713) 673-9066,,,
Denton County Car Washes Inc,"411 Highland Way, Coppell, TX 75019",(972) 462-8837,17,,
Ringers Carwash,"800 S 14th St, Kingsville, TX 78363",(361) 221-9991,,,http://heycarwash.com/
Twin Distributing,"2025 Royal Ln, Dallas, TX 75229",(972) 247-6575,10,,http://www.twindistributing.com/
Wash N Go,"2757 Royal Ln, Dallas, TX 75229",(972) 620-7773,18,,http://www.washngocarwash.com/
J S Car Wash,"1103 Archer St, Spearman, TX 79081",(806) 659-3847,26,,
Alex Service Station,"825 E Sinton St, Sinton, TX 78387",(361) 364-9066,31,,
Car Wash USA,"5901 Mockingbird Ln, McKinney, TX 75070",(972) 529-5146,,,
Texas Auto Detailers,"220 Santa Fe Ave, Dallas, TX 75203",(214) 574-9274,18,,http://www.texasautodetailers.com/
The Detail Shop,"1413 SW 4th Ave, Mineral Wells, TX 76067",(940) 325-6610,,,
D H Car Wash,"310 Stiles Dr, Midlothian, TX 76065",(972) 775-3271,50,,
U-Gas-It Co Inc,"3714 Sumner Ct, Sherman, TX 75090",(903) 893-5829,49,,
Super Suds,"1019 N Wood St, Gilmer, TX 75644",(903) 843-9019,,,
Spot Free Powerwash,"8704 Lait Dr, El Paso, TX 79925",(915) 778-2928,27,,
Stik's Car Wash,"1009 Magnolia Ave, Port Neches, TX 77651",(409) 722-1591,,,
San Antonio Mobile Auto Detail and Car Wash,"San Antonio, TX 78212",(210) 213-3782,21,martin@samobileCarWash.com,http://www.samobilecarwash.com/
Ovruch Inc,"1517 Commerce Dr, Plano, TX 75093",(972) 599-9324,17,,
Game Day Car Wash,"2238 W Roundbunch Rd, Orange, TX 77630",(409) 735-2100,9,thill1@gt.rr.com,http://www.gamedaycarwash.com/
Diaz Hand Carwash,"505 E Texas Ave, Baytown, TX 77520",(281) 839-7712,10,,
Sunset Carwash,"307 W Edgewood Dr, Friendswood, TX 77546",(281) 996-1319,12,,
Brothers Detailing,"705 W Gonzales St, Yoakum, TX 77995",(361) 293-6100,7,,
J & A Paint & Body Shop,"2207 Eastex Fwy, Houston, TX 77026",(713) 227-5207,24,,
Tracey's Bubbles,"415 SW 6th Ave, Amarillo, TX 79101",(806) 418-2398,6,,
E Smooths's Car Wash & Rims,"2324 E 5th St, Tyler, TX 75701",(903) 593-9281,,,
Primo Auto Detail & Lube,"301 N Kaufman St, Ennis, TX 75119",(972) 875-3133,25,,
Best Hand Car Detailing,"5811 Richmond Ave, Houston, TX 77057",(713) 781-8880,32,jbhong7@gmail.com,
Texas Star Car Wash Systems,"8300 Spence Dr, North Richland Hills, TX 76182",(817) 874-6942,,,
Car Wash Connection,"6265 E Us Highway 79, Milano, TX 76556",(512) 455-3535,16,,http://carwashconnection.com/
J & M Detail Shop,"3304 Alameda Ave, El Paso, TX 79905",(915) 532-4734,27,jmdetailshop@hotmail.com,
Uptown Car Wash (Houston),"5138 San Felipe St, Houston, TX 77056",(713) 572-8000,6,,http://www.uptowncarwashhouston.com/
Executive Car Care II,"305 N Margaret Ave, Kirbyville, TX 75956",(409) 423-6070,18,info@bbbsetexas.org,
Mitchell's Car Wash,"211 W Garland St, Grand Saline, TX 75140",(903) 962-5826,18,,
Best Hand Car Wash 2,"6521 Del Monte Dr, Houston, TX 77057",(713) 784-3209,9,,http://www.besthandcarwash2.com/
Dallas Auto Detail,"1101 N Riverfront Blvd, Dallas, TX 75207",(214) 748-6692,37,,
Bumper 2 Bumper Car Wash,"2540 Lavon Dr, Garland, TX 75040",(972) 530-1928,17,,
The Final Touch Carwash,"4110 S 1st St, Austin, TX 78745",(512) 428-9274,11,finaltouchhandcarwash@hotmail.com,http://www.finaltouchwash.com/
Wilk's Classic Car Wash,"1430 S Broadway St, Sulphur Springs, TX 75482",(903) 439-3188,24,,https://www.mechanicadvisor.com/
Mister Car Wash,"6107 Hillcroft St, Houston, TX 77081",(713) 777-9019,44,socialmedia@mistercarwash.com,http://www.mistercarwash.com/
Flores Detail Shop,"771 Hickory St, Abilene, TX 79601",(325) 672-1686,20,,
Greatwood Auto Collision,"1500 Crabb River Rd, Richmond, TX 77469",(281) 343-5792,16,ben@greatwoodautomotive.com,http://www.greatwoodautomotive.com/
Choice Car Wash Of Beeville,"711 N Washington St, Beeville, TX 78102",(361) 358-8338,15,,
David's Auto & Truck Detail,"5211 Seguin Rd, San Antonio, TX 78219",(210) 310-2885,13,,
Carmel Car Wash,"6140 E Mockingbird Ln, Dallas, TX 75214",(469) 208-9274,18,,http://carmelcarwash.com/
,,,,,
Stik's Car Wash,"1009 Magnolia Ave, Port Neches, TX 77651",(409) 722-1591,,,
San Antonio Mobile Auto Detail and Car Wash,"San Antonio, TX 78212",(210) 213-3782,21,martin@samobileCarWash.com,http://www.samobilecarwash.com/
Ovruch Inc,"1517 Commerce Dr, Plano, TX 75093",(972) 599-9324,17,,
Game Day Car Wash,"2238 W Roundbunch Rd, Orange, TX 77630",(409) 735-2100,9,thill1@gt.rr.com,http://www.gamedaycarwash.com/
Diaz Hand Carwash,"505 E Texas Ave, Baytown, TX 77520",(281) 839-7712,10,,
Sunset Carwash,"307 W Edgewood Dr, Friendswood, TX 77546",(281) 996-1319,12,,
Cool Water Auto Spa,"4001 E Renner Rd, Richardson, TX 75082",(972) 705-9274,14,connie@koubagraphics.com,http://www.coolwatercarwash.com/
California Self-Serve Superwash,"3670 George Dieter Dr, El Paso, TX 79936",(915) 849-6055,13,,
Gentle Touch Fast Lube,"2125 Sherwood Way, San Angelo, TX 76901",(325) 944-3139,31,,
Aero Car Care,"11634 Cypress North Houston Rd, Cypress, TX 77429",(281) 955-6327,,,http://www.aerocarcare.com/
Kwik Suds Carwash,"6340 Frankford Rd, Dallas, TX 75252",(972) 248-4441,,,
,,,,,
Mister Ts Mobile Car Wash,"5331 Summit Lodge Dr, Katy, TX 77449",(281) 463-4787,15,,
Vaughns Carwash Repair,"3242 Alabama Ave, Dallas, TX 75216",(214) 375-9436,29,,
Downtown Carwash,"122 N Main Ave, San Antonio, TX 78205",(210) 270-8480,,,
Finishing Touches Auto Detailing,"2605 N Main St, Vidor, TX 77662",(409) 783-0407,12,paul@finishingtouchesautodetailing.com,http://www.finishingtouchesautodetailing.com/
Montezuma Detail Service,"5003 Oates Rd, Houston, TX 77013",(713) 673-9066,,,
Denton County Car Washes Inc,"411 Highland Way, Coppell, TX 75019",(972) 462-8837,17,,
Ringers Carwash,"800 S 14th St, Kingsville, TX 78363",(361) 221-9991,,,http://heycarwash.com/
Twin Distributing,"2025 Royal Ln, Dallas, TX 75229",(972) 247-6575,10,,http://www.twindistributing.com/
Wash N Go,"2757 Royal Ln, Dallas, TX 75229",(972) 620-7773,18,,http://www.washngocarwash.com/
J S Car Wash,"1103 Archer St, Spearman, TX 79081",(806) 659-3847,26,,
Alex Service Station,"825 E Sinton St, Sinton, TX 78387",(361) 364-9066,31,,
Car Wash USA,"5901 Mockingbird Ln, McKinney, TX 75070",(972) 529-5146,,,
Texas Auto Detailers,"220 Santa Fe Ave, Dallas, TX 75203",(214) 574-9274,18,,http://www.texasautodetailers.com/
The Detail Shop,"1413 SW 4th Ave, Mineral Wells, TX 76067",(940) 325-6610,,,
D H Car Wash,"310 Stiles Dr, Midlothian, TX 76065",(972) 775-3271,50,,
U-Gas-It Co Inc,"3714 Sumner Ct, Sherman, TX 75090",(903) 893-5829,49,,
Super Suds,"1019 N Wood St, Gilmer, TX 75644",(903) 843-9019,,,
Spot Free Powerwash,"8704 Lait Dr, El Paso, TX 79925",(915) 778-2928,27,,
Stik's Car Wash,"1009 Magnolia Ave, Port Neches, TX 77651",(409) 722-1591,,,
San Antonio Mobile Auto Detail and Car Wash,"San Antonio, TX 78212",(210) 213-3782,21,martin@samobileCarWash.com,http://www.samobilecarwash.com/
Ovruch Inc,"1517 Commerce Dr, Plano, TX 75093",(972) 599-9324,17,,
Game Day Car Wash,"2238 W Roundbunch Rd, Orange, TX 77630",(409) 735-2100,9,thill1@gt.rr.com,http://www.gamedaycarwash.com/
Diaz Hand Carwash,"505 E Texas Ave, Baytown, TX 77520",(281) 839-7712,10,,
Sunset Carwash,"307 W Edgewood Dr, Friendswood, TX 77546",(281) 996-1319,12,,
Quality Auto Detail & Service,"595 W Main St, Uvalde, TX 78801",(830) 591-2707,10,,
Executive Auto Detailing,"3170 Monticello Ave, Dallas, TX 75205",(214) 775-0730,,detaildallas@yahoo.com,
Belvedere Auto Spa,"2142 W Parker Rd, Plano, TX 75075",(214) 775-0725,,detailplano@yahoo.com,
Detail Pro,"355 E Division St, Arlington, TX 76011",(682) 233-9221,,proarlington@yahoo.com,
Classic Auto Spa,"8673 Hillcrest Ave, Dallas, TX 75225",(469) 248-5130,,214classic@gmail.com,
Splash N Dash Carwash,"4900 Hondo Pass Dr, El Paso, TX 79924",(915) 757-0900,9,,http://www.splashndashep.com/
Ot's Car Wash,"8490 W 7th St, Texarkana, TX 75501",(903) 334-9652,14,,
Lonestar Tint & Detailing,"707 E Central Ave, Comanche, TX 76442",(325) 356-3100,10,,
Register's Mobile Wash Service,"1309 Avenue E, Abernathy, TX 79311",(806) 298-5145,10,,
Jenkins Mobile Detail Shop,"1906 E Booth St, Paris, TX 75460",(903) 784-2930,,,
MCS Splash Carwash,"310 N Madden St, Shamrock, TX 79079",(806) 256-5054,9,,
Mansfield Jett Express Car Wash,"701 W Debbie Ln, Mansfield, TX 76063",(817) 453-3000,11,,http://www.jettexpresscarwash.com/
Wetzone Car Wash,"7316 W Tidwell Rd, Houston, TX 77040",(713) 895-7434,9,info@wetzonecarwash.com,http://www.wetzonecarwash.com/
2920 Car Wash,"4619 Fm 2920 Rd, Spring, TX 77388",(281) 350-2721,14,contact@2920carwash.com,http://www.superior2920carwash.com/
Quick Shine Car Wash,"3327 Spencer Hwy, Pasadena, TX 77504",(713) 944-1802,7,,
Los Compas Auto Detail & State Inspection,"2010 S Edgefield Ave, Dallas, TX 75224",(214) 946-2922,9,,
Speedy Carwash,"1811 N Raul Longoria Rd, San Juan, TX 78589",(956) 223-2608,,,
Porter Car Wash,"24036 Fm 1314 Rd, Porter, TX 77365",(281) 577-0107,14,,
Wash Me Car Salon,"122 N Main Ave, San Antonio, TX 78205",(210) 270-8480,,,
Today's Car Wash,"514 S Fort Hood St, Killeen, TX 76541",(254) 245-8657,10,contact@todayscarwash.com,http://www.todayscarwash.com/
Let's Talk Dirty,"4201 E Veterans Memorial Blvd, Killeen, TX 76543",(254) 699-7284,,,
Willie's Auto Detail,"906 Fort Worth Hwy, Weatherford, TX 76086",(817) 613-8600,22,,
Daryl's Detailing,"199 Isaacks Rd, Humble, TX 77338",(281) 540-7026,27,criderdaryl@gmail.com,http://darylsdetailing.com/
Robert Car Care,"840 S Main St, Giddings, TX 78942",(979) 542-0020,12,robertcc2@verizon.net,
Car Wash USA,"602 N 1st St, Copperas Cove, TX 76522",(254) 542-3111,9,,
Romana Posh II At Sachse Ltd,"7090 Highway 78, Sachse, TX 75048",(972) 442-7722,9,,http://www.poshexpresswash.com/
Shaffers Car,"7850 Callaghan Rd, San Antonio, TX 78229",(210) 888-1400,,,
Mac's Car Wash,"439 Front St, Comfort, TX 78013",(830) 995-3569,,,
Car Wash Zone,"1300 N Avenue E E, Haskell, TX 79521",(940) 864-5393,,,
Zoom Zoom Car Wash,"8602 Garland Rd, Dallas, TX 75218",(214) 321-5510,,,
Wildcat Car Wash,"2300 Hall Ave, Littlefield, TX 79339",(806) 485-0155,7,,
Simoniz,"1450 Justin Rd, Lewisville, TX 75077",(972) 906-9343,,,http://washdepot.com/
Grand Slam Car Wash & Lube,"2626 W Walker St, League City, TX 77573",(281) 309-9274,14,,http://www.grandslamcarwash.com/
Memphis Wash And Lube,"815 N Boykin Dr, Memphis, TX 79245",(806) 259-2365,21,,
Detail-N-Motion Mobile Services,"Lancaster, TX 75146",(972) 989-1312,,detailinmotion@gmail.com,http://detailnmotion.com/
King Suds Car Wash,"Tomball, TX 77375",(281) 255-2874,,,
Genie Self Service Car Wash,"105 Chama Dr, Hewitt, TX 76643",(254) 666-2215,,,
,,,,,
Register's Mobile Wash Service,"1309 Avenue E, Abernathy, TX 79311",(806) 298-5145,10,,
Jenkins Mobile Detail Shop,"1906 E Booth St, Paris, TX 75460",(903) 784-2930,,,
MCS Splash Carwash,"310 N Madden St, Shamrock, TX 79079",(806) 256-5054,9,,
Mansfield Jett Express Car Wash,"701 W Debbie Ln, Mansfield, TX 76063",(817) 453-3000,11,,http://www.jettexpresscarwash.com/
Wetzone Car Wash,"7316 W Tidwell Rd, Houston, TX 77040",(713) 895-7434,9,info@wetzonecarwash.com,http://www.wetzonecarwash.com/
2920 Car Wash,"4619 Fm 2920 Rd, Spring, TX 77388",(281) 350-2721,14,contact@2920carwash.com,http://www.superior2920carwash.com/
Quick Shine Car Wash,"3327 Spencer Hwy, Pasadena, TX 77504",(713) 944-1802,7,,
Los Compas Auto Detail & State Inspection,"2010 S Edgefield Ave, Dallas, TX 75224",(214) 946-2922,9,,
Speedy Carwash,"1811 N Raul Longoria Rd, San Juan, TX 78589",(956) 223-2608,,,
Porter Car Wash,"24036 Fm 1314 Rd, Porter, TX 77365",(281) 577-0107,14,,
Wash Me Car Salon,"122 N Main Ave, San Antonio, TX 78205",(210) 270-8480,,,
Today's Car Wash,"514 S Fort Hood St, Killeen, TX 76541",(254) 245-8657,10,contact@todayscarwash.com,http://www.todayscarwash.com/
Let's Talk Dirty,"4201 E Veterans Memorial Blvd, Killeen, TX 76543",(254) 699-7284,,,
Willie's Auto Detail,"906 Fort Worth Hwy, Weatherford, TX 76086",(817) 613-8600,22,,
Daryl's Detailing,"199 Isaacks Rd, Humble, TX 77338",(281) 540-7026,27,criderdaryl@gmail.com,http://darylsdetailing.com/
Robert Car Care,"840 S Main St, Giddings, TX 78942",(979) 542-0020,12,robertcc2@verizon.net,
Car Wash USA,"602 N 1st St, Copperas Cove, TX 76522",(254) 542-3111,9,,
Romana Posh II At Sachse Ltd,"7090 Highway 78, Sachse, TX 75048",(972) 442-7722,9,,http://www.poshexpresswash.com/
Shaffers Car,"7850 Callaghan Rd, San Antonio, TX 78229",(210) 888-1400,,,
Mac's Car Wash,"439 Front St, Comfort, TX 78013",(830) 995-3569,,,
Car Wash Zone,"1300 N Avenue E E, Haskell, TX 79521",(940) 864-5393,,,
Zoom Zoom Car Wash,"8602 Garland Rd, Dallas, TX 75218",(214) 321-5510,,,
Speed Bee Express Wash,"3005 Justin Rd, Flower Mound, TX 75028",(972) 539-5604,9,speedybeewash@gmail.com,http://speedybeewash.com/
Bobcat Carwash,"201 W Bedford St, Dimmitt, TX 79027",(806) 647-1588,9,,
,,,,,
E E Hensley & Son Inc,"3800 E 52nd St, Odessa, TX 79762",(432) 362-1593,,,
The Falls Carwash,"901 Sonterra Blvd, San Antonio, TX 78258",(210) 494-1735,,,
Extreme Custom Detail,"1818 W Dallas St, Houston, TX 77019",(832) 203-5676,,,
Castle Car Wash,"3709 Poteet Dr, Mesquite, TX 75150",(972) 682-8663,9,,
Majestic Car Wash,"703 N Twin City Hwy, Nederland, TX 77627",(409) 678-2838,9,,
Marshall's Car Wash,"805 N Richmond Rd, Wharton, TX 77488",(979) 282-2040,9,,
Kleen Wheels Car Wash,"1520 College St, Beaumont, TX 77701",(409) 838-5066,9,kwcarwash409@yahoo.com,
Rainbow Carwash,"12302 Steeple Way Blvd, Houston, TX 77065",(281) 955-8172,,,
Lupita's Car Wash,"7401 Greenville St, Houston, TX 77020",(832) 203-5609,,,
The Falls Carwash,"901 Sonterra Blvd, San Antonio, TX 78258",(210) 494-1735,,,
Echelon Auto Spa,"Dallas, TX 75230",(214) 994-0952,9,echelonspa@gmail.com,
Hi Def Auto Detail,"11430 N Central Expy, Dallas, TX 75243",(214) 675-5843,11,,
Express Car Wash,"3949 S Belt Line Rd, Grand Prairie, TX 75052",(972) 504-6907,,,
Tote Detailing Specialists Inc,"2250 Chipley Cir, San Antonio, TX 78217",(210) 829-8779,,,
Austin Elite Mobile Detailing,"2101 Wheaton Trl, Cedar Park, TX 78613",(512) 704-7902,9,,http://www.austinemd.com/
Platinum Hand Car Wash & Dtl,"1311 Leeland St, Houston, TX 77002",(832) 767-6575,,,
Car Wash USA,"901 Mountain Lion Cir, Harker Heights, TX 76548",(254) 953-1102,,,http://carwash-usa.com/
TNT Carwash,"820 Wallace St, Columbus, TX 78934",(979) 942-9088,,,
Big Johns Auto Detail,"7767 Culebra Rd, San Antonio, TX 78251",(210) 509-9274,16,,
Zippy's Car Wash-Nacogdoches,"4418 North St, Nacogdoches, TX 75965",(936) 569-0512,9,,http://www.zippys.com/
Arlington Jett Express Car Wash,"4651 Little Rd, Arlington, TX 76017",(817) 478-2800,8,wash@arlington.jettexpresscarwash.com,http://www.jettexpresscarwash.com/
Lonestar Auto Laundry,"4270 Eldorado Pkwy, McKinney, TX 75070",(214) 592-0334,,,
Clean Getaway,"3191 Matlock Rd, Mansfield, TX 76063",(817) 473-0100,9,mansfield@clean-getaway.net,
The Car Wash Barn 2,"101 E Business 190, Copperas Cove, TX 76522",(254) 518-8210,9,marketing@thecarwashbarn.com,https://mistercarwash.com/
Auto Detail,"4136 Mansfield Hwy, Forest Hill, TX 76119",(817) 260-1112,12,,
Colonial Car Wash & Lube,"4959 South Dr W, Fort Worth, TX 76132",(817) 294-9757,7,,
Crystal Clean Car Wash,"106 N Oakwood St, Breckenridge, TX 76424",(254) 559-8721,2,customerservice@crystalclean.ie,http://crystalclean.ie/
Audio Detail,"4539 Aldine Mail Rd, Houston, TX 77039",(281) 590-3668,14,,
Joan's Self Service Car Wash,"2211 N O Connor Rd, Irving, TX 75062",(214) 596-9729,,,
Super Clean Auto Detailing,"1301 W Leblanc St, Winnie, TX 77665",(409) 296-6294,,,
El Paso's Mobile Wash & Detail,,(915) 726-6020,11,elpaso39smobilewash@ymail.com,http://elpasosmobilewash.weebly.com/
Tropical Spray Car Wash,"606 Cut Off Rd, Port Aransas, TX 78373",(361) 749-0800,12,,
Dreams Auto Paint & Body,"115 S Bowen Rd, Arlington, TX 76012",(817) 795-4886,22,dentartistpdr@gmail.com,
Reed Brothers Detail,"1624 W Beauregard Ave, San Angelo, TX 76901",(325) 653-9144,42,,
The Car Wash Barn,"4901 Martin Luther King Jr Blvd, Killeen, TX 76543",(254) 690-0049,10,thecarwashbarn@gmail.com,
Portable Detail Service,"1202 S Station St, Port Aransas, TX 78373",(361) 749-7759,19,,http://rvpoints.com/services-listing/26189-port-a-ble-detail-service-port-aransas
On-Site Auto Detailing,"1616 Judson Rd, Longview, TX 75601",(903) 237-9484,25,,http://www.onsiteautodetailing.com/
A C Car Care,"805 Murray St, Atlanta, TX 75551",(903) 799-5893,19,,
Your Express Car Wash,"1122 W Belt Line Rd, Desoto, TX 75115",(972) 223-3300,,,
Arturo's Auto Care,"204 N La Homa Rd, Palmview, TX 78572",(956) 583-8636,11,,
Center Car Wash,"1801 E Spring Creek Pkwy, Plano, TX 75074",(972) 516-0127,,,http://www.allstarrvcenter.com/
Ez Clean Car Wash,"1521 N 77 Sunshine Strip, Harlingen, TX 78550",(956) 230-5027,,,
Windham Industries Inc,"2529 Merrell Rd Ste 100, Dallas, TX 75229",(972) 241-7861,,,
G2FAZT MOBILE WASH & DETAILING,"1620 Phoenix St, Edinburg, TX 78541",(956) 225-3326,,g2fazt80@yahoo.com,
The Detail Guy,"501 W Adams Ave, Temple, TX 76501",(254) 541-7233,,,
Clean Ride Car Wash,"1509 S Gordon St, Alvin, TX 77511",(281) 824-4137,9,triciacrcw@outlook.com,https://cleanridecarwash.com/
Suds Car Wash & Express Care,"4203 W Davis St, Conroe, TX 77304",(936) 539-9274,,info@sudsusa.com,
CARisma Wash Lube & Detail,"4099 Saratoga Blvd, Corpus Christi, TX 78413",(361) 853-9274,,,http://www.carismacarwash.net/
Town & Country-Splash Autowash,"4207 Colleyville Blvd, Colleyville, TX 76034",(817) 581-0956,,,
Ming of San Antonio,"5790 NW Loop 410, San Antonio, TX 78238",(210) 681-4830,7,,
Hobby Car Wash & Storage,"7820 Rockhill St, Houston, TX 77061",(713) 645-5534,,,
Witney Auto Wash,"1315 N Brazos St, Whitney, TX 76692",(254) 694-9035,,,
Hydrowash,"100 Massey Tompkins Rd, Baytown, TX 77521",(281) 420-5043,9,,
,,,,,
El Rayo Car Wash,"630 E Filmore Ave, Harlingen, TX 78550",(956) 412-4000,,,
Tower Express Car Wash and Auto Detailing,"1350 E Whitestone Blvd, Cedar Park, TX 78613",(512) 259-5252,9,,http://www.towerexpresscarwash.com/
Sierra Express Car Wash,"1932 S Buckner Blvd, Dallas, TX 75217",(469) 364-8090,12,,
Los Tucanes Car Wash,"3624 E Richardson Rd, Edinburg, TX 78542",(956) 259-8106,11,,
Isaiah's Valet Detailing,"1702 S Padre Island Dr Ste A, Corpus Christi, TX 78416",(361) 826-5846,,,http://faithpowerwashing.com/
Splash-N-Dash,"4600 Western Center Blvd, Haltom City, TX 76137",(817) 485-1188,25,info@dontdrivedirty.com,
Superior Katy Car Wash & Lube,"2320 S Mason Rd, Katy, TX 77450",(281) 391-8944,,,http://superiorkatycarwashandlube.com/
Auto Salon,"8821 Denver St, Rowlett, TX 75088",(972) 523-4999,15,rod.weese@prwenterprises.com,http://prwenterprises.com/
Top Notch Auto Detail,"16952 Scenic Knl, Conroe, TX 77385",(281) 455-6135,,,http://www.topnotchdetailing.net/
Lil Blue's Mobile Detail,"3325 Old Hickory Trl, Forest Hill, TX 76140",(817) 538-7705,,,
Star Full Svc Car Wash,"2195 K Ave, Plano, TX 75074",(972) 423-7575,25,mglaser@starcarwash.com,http://www.starcarwash.com/
Hallmark Car Wash & Lube Center,"3120 Palmer Hwy, Texas City, TX 77590",(409) 945-4611,20,hallmarkcarwash@hotmail.com,https://www.facebook.com/MainLandCarWash
Doc Hollidays Car Wash,"5721 Burnet Rd, Austin, TX 78756",(512) 452-8455,,,
Amelia's Detail Shop,"804 Bee Creek Rd, Spicewood, TX 78669",(512) 796-5286,9,,
Vasquez Hands Car Wash,"4605 N Main St, Houston, TX 77009",(713) 861-6690,9,,
Sullivan's Advanced Paint & Body,"22500 Loop 494, Kingwood, TX 77339",(281) 359-3598,34,sullivansadvancedpaint@comcast.net,http://www.sullivansadvancedpaintandbody.com/
South Texas Car Wash,"4317 San Bernardo Ave, Laredo, TX 78041",(956) 568-3963,36,,
R & W Car Wash,"710 E 2nd St, Big Lake, TX 76932",(325) 884-3429,9,,
Easy Clean Car Wash,"876 E Hidalgo Ave, Raymondville, TX 78580",(956) 689-5430,12,,
Ybarra's Car Wash,"3791 1/2 Pleasanton Rd, San Antonio, TX 78221",(210) 921-0772,10,,
Mont Belvieu Wash & Eagle Cw,"11515 Eagle Dr, Baytown, TX 77523",(281) 576-5251,15,,
Detail Pro's,"2790 Fm 1488 Rd, Conroe, TX 77384",(936) 273-9229,9,,http://www.autodetailtexas.com/
Car Pool Car Wash,"2020 S Austin Ave, Georgetown, TX 78626",(512) 819-0864,,,
Warden & Associates,"1207 S White Chapel Blvd Ste 125, Southlake, TX 76092",(817) 329-8777,15,,
Clay's Customs,"101 N Main St, Hallettsville, TX 77964",(903) 660-3303,,,
Palms Hand Car Wash,"14003 Highway 6, Santa Fe, TX 77517",(409) 925-7256,6,,
South Texas Pressure Wash Services,"Pharr, TX 78577",(956) 781-3456,,,
Jerry's Express Car Wash,"2870 Fort Worth Hwy, Hudson Oaks, TX 76087",(817) 599-8090,,info@jerryscarwash.com,http://www.jerrysexpresscarwash.com/
Detailing 2 You >>> We come to your location!,"Garland, TX 75040",(214) 274-9174,20,jerry@detailing2you.com,http://www.detailing2you.com/
Lampasas Carwash,"1712 Central Texas Expy, Lampasas, TX 76550",(512) 556-5592,,,http://www.walmart.com/
Lobo & Six Shooter Carwash,"1704 S Leon Ave, Monahans, TX 79756",(432) 943-2199,,,
Jr's Carwash,"2601 S Beckley Ave, Dallas, TX 75224",(214) 943-0300,,,
Ranger Car Wash,"719 S Ash St, Perryton, TX 79070",(806) 648-3092,24,,
Professional Detail Shop,"901 Beverly Dr, Wichita Falls, TX 76309",(940) 322-6200,18,,
All American Detail & Auto,"801 E Scott Ave, Wichita Falls, TX 76301",(940) 767-9274,,,
Stony's Paintless Dent Repair,"6650 Canyon Dr Ste 2, Amarillo, TX 79109",(806) 683-4949,16,,
K & L Car Wash,"200 4th St, Graham, TX 76450",(940) 549-2805,15,,
,,,,,
